date,goal3Completions,goal5Completions,sessions
2019-01-01,0,0,142
2019-01-02,0,0,214
2019-01-03,0,0,280
2019-01-04,0,0,239
2019-01-05,0,0,130
2019-01-06,0,0,187
2019-01-07,0,0,326
2019-01-08,0,0,338
2019-01-09,0,0,350
2019-01-10,0,0,382
2019-01-11,0,0,283
2019-01-12,0,0,147
2019-01-13,0,0,167
2019-01-14,0,0,358
2019-01-15,0,0,285
2019-01-16,0,0,365
2019-01-17,0,0,328
2019-01-18,0,0,255
2019-01-19,0,0,144
2019-01-20,0,0,183
2019-01-21,0,0,357
2019-01-22,0,0,313
2019-01-23,0,0,336
2019-01-24,0,0,462
2019-01-25,0,0,377
2019-01-26,0,0,238
2019-01-27,0,0,260
2019-01-28,4,3,335
2019-01-29,3,2,473
2019-01-30,3,7,461
2019-01-31,2,3,371
2019-02-01,0,2,467
2019-02-02,4,2,252
2019-02-03,0,1,268
2019-02-04,3,4,417
2019-02-05,3,5,518
2019-02-06,1,8,422
2019-02-07,1,4,467
2019-02-08,0,2,445
2019-02-09,0,2,267
2019-02-10,1,2,276
2019-02-11,0,1,405
2019-02-12,2,1,472
2019-02-13,1,0,347
2019-02-14,1,3,414
2019-02-15,0,3,346
2019-02-16,1,3,248
2019-02-17,0,1,271
2019-02-18,2,4,403
2019-02-19,0,2,369
2019-02-20,1,7,551
2019-02-21,0,1,357
2019-02-22,0,6,327
2019-02-23,0,2,196
2019-02-24,0,0,237
2019-02-25,3,6,606
2019-02-26,1,3,406
2019-02-27,2,4,457
2019-02-28,0,7,423
2019-03-01,2,4,487
2019-03-02,0,0,229
2019-03-03,1,2,276
2019-03-04,1,5,442
2019-03-05,2,4,401
2019-03-06,1,0,407
2019-03-07,1,0,402
2019-03-08,0,0,329
2019-03-09,0,0,188
2019-03-10,0,0,240
2019-03-11,0,2,341
2019-03-12,2,2,361
2019-03-13,0,1,591
2019-03-14,4,2,697
2019-03-15,0,0,461
2019-03-16,0,4,219
2019-03-17,1,1,205
2019-03-18,0,1,457
2019-03-19,1,3,453
2019-03-20,3,0,388
2019-03-21,1,3,425
2019-03-22,0,2,368
2019-03-23,0,1,225
2019-03-24,0,1,236
2019-03-25,0,4,386
2019-03-26,0,2,429
2019-03-27,0,2,439
2019-03-28,0,0,387
2019-03-29,0,2,493
2019-03-30,0,0,215
2019-03-31,0,1,198
2019-04-01,0,3,338
2019-04-02,0,4,401
2019-04-03,0,7,491
2019-04-04,1,4,413
2019-04-05,0,0,428
2019-04-06,2,4,234
2019-04-07,1,0,246
2019-04-08,3,0,382
2019-04-09,1,2,397
2019-04-10,2,1,400
2019-04-11,0,0,389
2019-04-12,1,1,298
2019-04-13,1,1,182
2019-04-14,0,3,208
2019-04-15,3,1,344
2019-04-16,4,0,336
2019-04-17,2,1,306
2019-04-18,0,1,313
2019-04-19,0,1,228
2019-04-20,0,0,148
2019-04-21,0,0,124
2019-04-22,0,1,262
2019-04-23,3,2,510
2019-04-24,2,1,618
2019-04-25,2,0,466
2019-04-26,3,0,488
2019-04-27,1,1,310
2019-04-28,1,1,300
2019-04-29,1,2,537
2019-04-30,1,4,533
2019-05-01,4,2,525
2019-05-02,3,1,450
2019-05-03,1,0,377
2019-05-04,1,1,257
2019-05-05,2,2,247
2019-05-06,3,0,388
2019-05-07,0,4,484
2019-05-08,0,1,504
2019-05-09,2,2,578
2019-05-10,0,2,464
2019-05-11,0,0,257
2019-05-12,0,1,262
2019-05-13,0,0,403
2019-05-14,2,1,452
2019-05-15,0,0,419
2019-05-16,1,0,465
2019-05-17,1,2,417
2019-05-18,0,0,359
2019-05-19,2,0,419
2019-05-20,3,0,607
2019-05-21,1,0,568
2019-05-22,2,0,525
2019-05-23,0,0,546
2019-05-24,1,0,541
2019-05-25,1,0,494
2019-05-26,1,1,300
2019-05-27,3,0,401
2019-05-28,5,1,495
2019-05-29,0,0,444
2019-05-30,3,0,421
2019-05-31,2,0,283
2019-06-01,1,0,222
2019-06-02,1,0,247
2019-06-03,2,0,402
2019-06-04,1,1,436
2019-06-05,0,0,622
2019-06-06,0,2,621
2019-06-07,0,0,529
2019-06-08,0,1,330
2019-06-09,0,2,384
2019-06-10,0,1,468
2019-06-11,0,0,542
2019-06-12,0,0,497
2019-06-13,1,0,537
2019-06-14,1,0,397
2019-06-15,1,1,329
2019-06-16,1,2,328
2019-06-17,1,4,590
2019-06-18,1,3,607
2019-06-19,3,2,523
2019-06-20,0,0,570
2019-06-21,4,2,581
2019-06-22,1,0,372
2019-06-23,1,0,398
2019-06-24,0,2,559
2019-06-25,3,1,522
2019-06-26,3,0,446
2019-06-27,5,1,437
2019-06-28,1,3,365
2019-06-29,1,1,274
2019-06-30,2,0,280
2019-07-01,2,3,616
2019-07-02,2,3,557
2019-07-03,1,3,532
2019-07-04,1,4,571
2019-07-05,2,0,500
2019-07-06,0,0,302
2019-07-07,0,0,288
2019-07-08,1,2,510
2019-07-09,2,2,541
2019-07-10,2,5,552
2019-07-11,2,1,469
2019-07-12,0,1,466
2019-07-13,1,3,346
2019-07-14,0,2,294
2019-07-15,0,6,486
2019-07-16,1,4,481
2019-07-17,1,1,524
2019-07-18,0,1,500
2019-07-19,1,4,447
2019-07-20,0,3,364
2019-07-21,1,2,306
2019-07-22,2,2,468
2019-07-23,1,3,420
2019-07-24,2,3,462
2019-07-25,2,2,404
2019-07-26,0,0,310
2019-07-27,0,2,187
2019-07-28,0,3,199
2019-07-29,5,1,308
2019-07-30,0,2,442
2019-07-31,0,1,394
2019-08-01,4,4,511
2019-08-02,2,4,438
2019-08-03,1,0,257
2019-08-04,4,2,323
2019-08-05,1,1,346
2019-08-06,1,2,437
2019-08-07,0,6,489
2019-08-08,4,2,455
2019-08-09,2,4,440
2019-08-10,1,1,253
2019-08-11,0,8,314
2019-08-12,3,8,452
2019-08-13,2,9,575
2019-08-14,1,2,514
2019-08-15,1,0,433
2019-08-16,5,0,452
2019-08-17,2,3,268
2019-08-18,4,3,318
2019-08-19,3,3,471
2019-08-20,4,4,424
2019-08-21,2,4,443
2019-08-22,2,2,477
2019-08-23,4,3,355
2019-08-24,1,2,246
2019-08-25,5,1,222
2019-08-26,1,2,439
2019-08-27,4,6,548
2019-08-28,6,4,497
2019-08-29,1,3,459
2019-08-30,1,1,398
2019-08-31,6,3,252
2019-09-01,3,2,309
2019-09-02,9,8,534
2019-09-03,8,6,582
2019-09-04,5,3,559
2019-09-05,0,8,470
2019-09-06,1,4,364
2019-09-07,0,1,257
2019-09-08,2,4,283
2019-09-09,0,12,483
2019-09-10,0,5,460
2019-09-11,2,1,568
2019-09-12,4,2,580
2019-09-13,5,3,453
2019-09-14,2,0,270
2019-09-15,1,2,303
2019-09-16,1,4,498
2019-09-17,4,6,504
2019-09-18,3,7,527
2019-09-19,1,2,561
2019-09-20,3,1,373
2019-09-21,4,3,253
2019-09-22,3,1,323
2019-09-23,2,4,489
2019-09-24,5,8,506
2019-09-25,4,2,472
2019-09-26,1,1,455
2019-09-27,1,2,392
2019-09-28,0,2,249
2019-09-29,3,3,334
2019-09-30,5,2,550
2019-10-01,2,6,609
2019-10-02,5,3,560
2019-10-03,0,4,544
2019-10-04,0,5,477
2019-10-05,1,4,325
2019-10-06,1,3,403
2019-10-07,0,6,595
2019-10-08,1,8,530
